{"cameraMode":{"drawMode":0,"name":"Shaded","section":"Shading Mode"},"sceneLighting":true,"audioPlay":false,"sceneViewState":{"showFog":true,"showMaterialUpdate":false,"showSkybox":true,"showFlares":true,"showImageEffects":true,"showParticleSystems":true},"in2DMode":false,"pivot":{"x":526.1015625,"y":373.3482666015625,"z":-136.99050903320313},"rotation":{"x":-0.22817035019397736,"y":0.611132800579071,"z":-0.1900506317615509,"w":-0.733713686466217},"size":42.77013397216797,"orthographic":true}